<keymap version="1" name="Windows copy" parent="$default">
  <action id="ContextHelp" />
  <action id="Documentation.ViewExternal" />
  <action id="ExternalJavaDoc" />
  <action id="Generate">
    <keyboard-shortcut first-keystroke="alt g" />
  </action>
  <action id="GenerateSerialVersionUID">
    <keyboard-shortcut first-keystroke="alt u" />
  </action>
  <action id="MaintenanceAction">
    <keyboard-shortcut first-keystroke="ctrl alt divide" />
  </action>
  <action id="NewClass">
    <keyboard-shortcut first-keystroke="alt page_up" />
  </action>
</keymap>