<application>
  <component name="LocalDatabaseDriverManager" version="201">
    <driver id="mariadb">
      <artifact id="MariaDB Connector J" name="MariaDB Connector J" use="true" version="3.0.7" />
    </driver>
    <driver id="mysql.8">
      <artifact />
      <artifact id="MySQL ConnectorJ" name="MySQL ConnectorJ" use="true" version="8.2.0" />
    </driver>
    <driver id="redis">
      <artifact id="Redis" name="Redis" use="true" version="1.4" />
    </driver>
    <driver id="jdbc.RedisDriver" name="jdbc.RedisDriver" driver-class="jdbc.RedisDriver" />
  </component>
</application>