<application>
  <component name="GeneralSettings">
    <option name="showTipsOnStartup" value="false" />
    <option name="confirmExit" value="false" />
    <option name="confirmOpenNewProject2" value="0" />
    <option name="processCloseConfirmation" value="TERMINATE" />
  </component>
  <component name="Registry">
    <entry key="ide.balloon.shadow.size" value="0" />
    <entry key="ide.experimental.ui.toolwindow.stripes" value="true" />
    <entry key="ide.animate.toolwindows" value="true" />
  </component>
  <component name="StatusBar">
    <option name="widgets">
      <map>
        <entry key="CwmWireStatsWidgetFactory" value="false" />
        <entry key="Memory" value="true" />
        <entry key="ReadOnlyAttribute" value="false" />
        <entry key="com.alibabacloud.intellij.cosy" value="false" />
        <entry key="mtProjectFactory" value="false" />
        <entry key="mtStatusBar" value="false" />
        <entry key="mtThemeFactory" value="false" />
        <entry key="settingsEntryPointWidget" value="false" />
        <entry key="webDeployment.default.server.widget" value="false" />
      </map>
    </option>
  </component>
</application>