<application>
  <component name="SonarLintGlobalSettings">
    <option name="rulesByKey">
      <map>
        <entry key="java:S117">
          <value>
            <Rule active="false" key="java:S117" />
          </value>
        </entry>
        <entry key="java:S3864">
          <value>
            <Rule active="false" key="java:S3864" />
          </value>
        </entry>
      </map>
    </option>
    <option name="secretsNeverBeenAnalysed" value="false" />
    <rules>
      <Rule active="false" key="java:S3864" />
      <Rule active="false" key="java:S117" />
    </rules>
  </component>
</application>